{
  "firestore": {
    "database": "(default)",
    "location": "southamerica-east1",
    "rules": "firestore.rules",
    "indexes": "firestore.indexes.json"
  },
  "flutter": {
    "platforms": {
      "dart": {
        "lib/firebase_options.dart": {
          "projectId": "financasfacil-f53ee",
          "configurations": {
            "web": "1:882609543063:web:b756c6c588febae60196d2"
          }
        }
      }
    }
  },
  "hosting": {
    "public": "build/web",
    "ignore": [
      "firebase.json",
      "**/.*",
      "**/node_modules/**"
    ],
    "rewrites": [
      {
        "source": "**",
        "destination": "/index.html"
      }
    ]
  }
}
